Workbook

Sheet WBS
A1: ID | B1: Phase | C1: Work Package | D1: Activity | E1: Best Effort (pd) | F1: Likely Effort (pd) | G1: Worst Effort (pd) | H1: PERT Effort (pd) | I1: Best Duration (d) | J1: Likely Duration (d) | K1: Worst Duration (d) | L1: PERT Duration (d) | M1: σ Duration | N1: Resources | O1: Dependencies | P1: Risks | Q1: Notes | R1: Billable | S1: Billable PERT Effort
A2: F0 | B2: Setup & Discovery | E2: =SUM(E4,E5,E7) | F2: =SUM(F4,F5,F7) | G2: =SUM(G4,G5,G7) | H2: =(E2+4*F2+G2)/6 | I2: =SUM(I4,I5,I7) | J2: =SUM(J4,J5,J7) | K2: =SUM(K4,K5,K7) | L2: =(I2+4*J2+K2)/6 | M2: =(K2-I2)/6 | S2: =SUM(S4,S5,S7)
A3: F0.1 | C3: Project setup | E3: =SUM(E4:E5) | F3: =SUM(F4:F5) | G3: =SUM(G4:G5) | H3: =(E3+4*F3+G3)/6 | I3: =SUM(I4:I5) | J3: =SUM(J4:J5) | K3: =SUM(K4:K5) | L3: =(I3+4*J3+K3)/6 | M3: =(K3-I3)/6 | S3: =SUM(S4:S5)
A4: F0.1.1 | D4: Kickoff and governance setup | E4: 2 | F4: 3 | G4: 5 | H4: =(E4+4*F4+G4)/6 | I4: 2 | J4: 3 | K4: 5 | L4: =(I4+4*J4+K4)/6 | M4: =(K4-I4)/6 | N4: PM, BA | R4: Y | S4: =IF(R4="Y",H4,0)
A5: F0.1.2 | D5: Environment & access checklist | E5: 1 | F5: 2 | G5: 3 | H5: =(E5+4*F5+G5)/6 | I5: 1 | J5: 2 | K5: 3 | L5: =(I5+4*J5+K5)/6 | M5: =(K5-I5)/6 | N5: DEVOPS, TA | P5: R1 | R5: Y | S5: =IF(R5="Y",H5,0)
A6: F0.2 | C6: Requirements freeze | E6: =SUM(E7:E7) | F6: =SUM(F7:F7) | G6: =SUM(G7:G7) | H6: =(E6+4*F6+G6)/6 | I6: =SUM(I7:I7) | J6: =SUM(J7:J7) | K6: =SUM(K7:K7) | L6: =(I6+4*J6+K6)/6 | M6: =(K6-I6)/6 | S6: =SUM(S7:S7)
A7: F0.2.1 | D7: Requirements consolidation | E7: 3 | F7: 5 | G7: 8 | H7: =(E7+4*F7+G7)/6 | I7: 3 | J7: 5 | K7: 8 | L7: =(I7+4*J7+K7)/6 | M7: =(K7-I7)/6 | N7: BA, PM | O7: F0.1.1 | P7: R2 | R7: Y | S7: =IF(R7="Y",H7,0)
A8: F1 | B8: UX & Functional Design | E8: =SUM(E10,E11,E13) | F8: =SUM(F10,F11,F13) | G8: =SUM(G10,G11,G13) | H8: =(E8+4*F8+G8)/6 | I8: =SUM(I10,I11,I13) | J8: =SUM(J10,J11,J13) | K8: =SUM(K10,K11,K13) | L8: =(I8+4*J8+K8)/6 | M8: =(K8-I8)/6 | S8: =SUM(S10,S11,S13)
A9: F1.1 | C9: UX | E9: =SUM(E10:E11) | F9: =SUM(F10:F11) | G9: =SUM(G10:G11) | H9: =(E9+4*F9+G9)/6 | I9: =SUM(I10:I11) | J9: =SUM(J10:J11) | K9: =SUM(K10:K11) | L9: =(I9+4*J9+K9)/6 | M9: =(K9-I9)/6 | S9: =SUM(S10:S11)
A10: F1.1.1 | D10: User journeys and wireframes | E10: 6 | F10: 10 | G10: 15 | H10: =(E10+4*F10+G10)/6 | I10: 5 | J10: 8 | K10: 12 | L10: =(I10+4*J10+K10)/6 | M10: =(K10-I10)/6 | N10: UX, BA | O10: F0.2.1 | P10: R3 | R10: Y | S10: =IF(R10="Y",H10,0)
A11: F1.1.2 | D11: Accessibility design review | E11: 2 | F11: 3 | G11: 5 | H11: =(E11+4*F11+G11)/6 | I11: 2 | J11: 3 | K11: 5 | L11: =(I11+4*J11+K11)/6 | M11: =(K11-I11)/6 | N11: UX, QA | O11: F1.1.1 | R11: Y | S11: =IF(R11="Y",H11,0)
A12: F1.2 | C12: Functional design | E12: =SUM(E13:E13) | F12: =SUM(F13:F13) | G12: =SUM(G13:G13) | H12: =(E12+4*F12+G12)/6 | I12: =SUM(I13:I13) | J12: =SUM(J13:J13) | K12: =SUM(K13:K13) | L12: =(I12+4*J12+K12)/6 | M12: =(K12-I12)/6 | S12: =SUM(S13:S13)
A13: F1.2.1 | D13: API & data contract design | E13: 4 | F13: 7 | G13: 10 | H13: =(E13+4*F13+G13)/6 | I13: 3 | J13: 5 | K13: 8 | L13: =(I13+4*J13+K13)/6 | M13: =(K13-I13)/6 | N13: TA, BE | O13: F0.2.1 | P13: R4 | R13: Y | S13: =IF(R13="Y",H13,0)
A14: F2 | B14: Core Build | E14: =SUM(E16,E18) | F14: =SUM(F16,F18) | G14: =SUM(G16,G18) | H14: =(E14+4*F14+G14)/6 | I14: =SUM(I16,I18) | J14: =SUM(J16,J18) | K14: =SUM(K16,K18) | L14: =(I14+4*J14+K14)/6 | M14: =(K14-I14)/6 | S14: =SUM(S16,S18)
A15: F2.1 | C15: Back-end | E15: =SUM(E16:E16) | F15: =SUM(F16:F16) | G15: =SUM(G16:G16) | H15: =(E15+4*F15+G15)/6 | I15: =SUM(I16:I16) | J15: =SUM(J16:J16) | K15: =SUM(K16:K16) | L15: =(I15+4*J15+K15)/6 | M15: =(K15-I15)/6 | S15: =SUM(S16:S16)
A16: F2.1.1 | D16: Back-end services and business logic | E16: 20 | F16: 30 | G16: 45 | H16: =(E16+4*F16+G16)/6 | I16: 20 | J16: 30 | K16: 45 | L16: =(I16+4*J16+K16)/6 | M16: =(K16-I16)/6 | N16: BE, TA | O16: F1.2.1 | P16: R4, R5 | R16: Y | S16: =IF(R16="Y",H16,0)
A17: F2.2 | C17: Front-end | E17: =SUM(E18:E18) | F17: =SUM(F18:F18) | G17: =SUM(G18:G18) | H17: =(E17+4*F17+G17)/6 | I17: =SUM(I18:I18) | J17: =SUM(J18:J18) | K17: =SUM(K18:K18) | L17: =(I17+4*J17+K17)/6 | M17: =(K17-I17)/6 | S17: =SUM(S18:S18)
A18: F2.2.1 | D18: Front-end implementation | E18: 18 | F18: 28 | G18: 40 | H18: =(E18+4*F18+G18)/6 | I18: 18 | J18: 28 | K18: 40 | L18: =(I18+4*J18+K18)/6 | M18: =(K18-I18)/6 | N18: FE, UX | O18: F1.1.2, F1.2.1 | P18: R3 | R18: Y | S18: =IF(R18="Y",H18,0)
A19: F3 | B19: Integrations | E19: =SUM(E21,E23,E25) | F19: =SUM(F21,F23,F25) | G19: =SUM(G21,G23,G25) | H19: =(E19+4*F19+G19)/6 | I19: =SUM(I21,I23,I25) | J19: =SUM(J21,J23,J25) | K19: =SUM(K21,K23,K25) | L19: =(I19+4*J19+K19)/6 | M19: =(K19-I19)/6 | S19: =SUM(S21,S23,S25)
A20: F3.1 | C20: Registry integration | E20: =SUM(E21:E21) | F20: =SUM(F21:F21) | G20: =SUM(G21:G21) | H20: =(E20+4*F20+G20)/6 | I20: =SUM(I21:I21) | J20: =SUM(J21:J21) | K20: =SUM(K21:K21) | L20: =(I20+4*J20+K20)/6 | M20: =(K20-I20)/6 | S20: =SUM(S21:S21)
A21: F3.1.1 | D21: Registry integration | E21: 6 | F21: 10 | G21: 15 | H21: =(E21+4*F21+G21)/6 | I21: 6 | J21: 10 | K21: 15 | L21: =(I21+4*J21+K21)/6 | M21: =(K21-I21)/6 | N21: INT, BE | O21: F1.2.1 | P21: R5, R6 | R21: Y | S21: =IF(R21="Y",H21,0)
A22: F3.2 | C22: Payments integration | E22: =SUM(E23:E23) | F22: =SUM(F23:F23) | G22: =SUM(G23:G23) | H22: =(E22+4*F22+G22)/6 | I22: =SUM(I23:I23) | J22: =SUM(J23:J23) | K22: =SUM(K23:K23) | L22: =(I22+4*J22+K22)/6 | M22: =(K22-I22)/6 | S22: =SUM(S23:S23)
A23: F3.2.1 | D23: Payments integration | E23: 7 | F23: 12 | G23: 18 | H23: =(E23+4*F23+G23)/6 | I23: 7 | J23: 12 | K23: 18 | L23: =(I23+4*J23+K23)/6 | M23: =(K23-I23)/6 | N23: INT, BE | O23: F1.2.1 | P23: R6, R7 | R23: Y | S23: =IF(R23="Y",H23,0)
A24: F3.3 | C24: Case-management integration | E24: =SUM(E25:E25) | F24: =SUM(F25:F25) | G24: =SUM(G25:G25) | H24: =(E24+4*F24+G24)/6 | I24: =SUM(I25:I25) | J24: =SUM(J25:J25) | K24: =SUM(K25:K25) | L24: =(I24+4*J24+K24)/6 | M24: =(K24-I24)/6 | S24: =SUM(S25:S25)
A25: F3.3.1 | D25: Case-management integration | E25: 5 | F25: 9 | G25: 14 | H25: =(E25+4*F25+G25)/6 | I25: 5 | J25: 9 | K25: 14 | L25: =(I25+4*J25+K25)/6 | M25: =(K25-I25)/6 | N25: INT, BE | O25: F1.2.1 | P25: R6 | R25: Y | S25: =IF(R25="Y",H25,0)
A26: F4 | B26: Security & Accessibility Audit | E26: =SUM(E28,E29) | F26: =SUM(F28,F29) | G26: =SUM(G28,G29) | H26: =(E26+4*F26+G26)/6 | I26: =SUM(I28,I29) | J26: =SUM(J28,J29) | K26: =SUM(K28,K29) | L26: =(I26+4*J26+K26)/6 | M26: =(K26-I26)/6 | S26: =SUM(S28,S29)
A27: F4.1 | C27: Audit | E27: =SUM(E28:E29) | F27: =SUM(F28:F29) | G27: =SUM(G28:G29) | H27: =(E27+4*F27+G27)/6 | I27: =SUM(I28:I29) | J27: =SUM(J28:J29) | K27: =SUM(K28:K29) | L27: =(I27+4*J27+K27)/6 | M27: =(K27-I27)/6 | S27: =SUM(S28:S29)
A28: F4.1.1 | D28: Security testing | E28: 4 | F28: 6 | G28: 10 | H28: =(E28+4*F28+G28)/6 | I28: 4 | J28: 6 | K28: 10 | L28: =(I28+4*J28+K28)/6 | M28: =(K28-I28)/6 | N28: QA, TA | O28: F2.1.1, F2.2.1, F3.1.1, F3.2.1, F3.3.1 | P28: R8 | R28: Y | S28: =IF(R28="Y",H28,0)
A29: F4.1.2 | D29: Accessibility audit | E29: 3 | F29: 5 | G29: 8 | H29: =(E29+4*F29+G29)/6 | I29: 3 | J29: 5 | K29: 8 | L29: =(I29+4*J29+K29)/6 | M29: =(K29-I29)/6 | N29: QA, UX | O29: F2.2.1 | P29: R9 | R29: Y | S29: =IF(R29="Y",H29,0)
A30: F5 | B30: Internal Acceptance | E30: =SUM(E32) | F30: =SUM(F32) | G30: =SUM(G32) | H30: =(E30+4*F30+G30)/6 | I30: =SUM(I32) | J30: =SUM(J32) | K30: =SUM(K32) | L30: =(I30+4*J30+K30)/6 | M30: =(K30-I30)/6 | S30: =SUM(S32)
A31: F5.1 | C31: Internal QA | E31: =SUM(E32:E32) | F31: =SUM(F32:F32) | G31: =SUM(G32:G32) | H31: =(E31+4*F31+G31)/6 | I31: =SUM(I32:I32) | J31: =SUM(J32:J32) | K31: =SUM(K32:K32) | L31: =(I31+4*J31+K31)/6 | M31: =(K31-I31)/6 | S31: =SUM(S32:S32)
A32: F5.1.1 | D32: Regression and integration test cycles | E32: 6 | F32: 9 | G32: 14 | H32: =(E32+4*F32+G32)/6 | I32: 6 | J32: 9 | K32: 14 | L32: =(I32+4*J32+K32)/6 | M32: =(K32-I32)/6 | N32: QA, BE | O32: F4.1.1, F4.1.2 | R32: Y | S32: =IF(R32="Y",H32,0)
A33: F6 | B33: UAT | E33: =SUM(E35) | F33: =SUM(F35) | G33: =SUM(G35) | H33: =(E33+4*F33+G33)/6 | I33: =SUM(I35) | J33: =SUM(J35) | K33: =SUM(K35) | L33: =(I33+4*J33+K33)/6 | M33: =(K33-I33)/6 | S33: =SUM(S35)
A34: F6.1 | C34: UAT support | E34: =SUM(E35:E35) | F34: =SUM(F35:F35) | G34: =SUM(G35:G35) | H34: =(E34+4*F34+G34)/6 | I34: =SUM(I35:I35) | J34: =SUM(J35:J35) | K34: =SUM(K35:K35) | L34: =(I34+4*J34+K34)/6 | M34: =(K34-I34)/6 | S34: =SUM(S35:S35)
A35: F6.1.1 | D35: UAT execution support and defect fixing | E35: 8 | F35: 14 | G35: 22 | H35: =(E35+4*F35+G35)/6 | I35: 8 | J35: 14 | K35: 22 | L35: =(I35+4*J35+K35)/6 | M35: =(K35-I35)/6 | N35: BE, FE, PM | O35: F5.1.1 | P35: R10 | R35: Y | S35: =IF(R35="Y",H35,0)
A36: F7 | B36: Production Deployment | E36: =SUM(E38,E39) | F36: =SUM(F38,F39) | G36: =SUM(G38,G39) | H36: =(E36+4*F36+G36)/6 | I36: =SUM(I38,I39) | J36: =SUM(J38,J39) | K36: =SUM(K38,K39) | L36: =(I36+4*J36+K36)/6 | M36: =(K36-I36)/6 | S36: =SUM(S38,S39)
A37: F7.1 | C37: Deploy | E37: =SUM(E38:E39) | F37: =SUM(F38:F39) | G37: =SUM(G38:G39) | H37: =(E37+4*F37+G37)/6 | I37: =SUM(I38:I39) | J37: =SUM(J38:J39) | K37: =SUM(K38:K39) | L37: =(I37+4*J37+K37)/6 | M37: =(K37-I37)/6 | S37: =SUM(S38:S39)
A38: F7.1.1 | D38: Production deployment | E38: 3 | F38: 5 | G38: 8 | H38: =(E38+4*F38+G38)/6 | I38: 3 | J38: 5 | K38: 8 | L38: =(I38+4*J38+K38)/6 | M38: =(K38-I38)/6 | N38: DEVOPS, BE | O38: F6.1.1 | P38: R11 | R38: Y | S38: =IF(R38="Y",H38,0)
A39: F7.1.2 | D39: Hypercare and documentation handover | E39: 4 | F39: 7 | G39: 10 | H39: =(E39+4*F39+G39)/6 | I39: 4 | J39: 7 | K39: 10 | L39: =(I39+4*J39+K39)/6 | M39: =(K39-I39)/6 | N39: DOC, PM, BE | O39: F7.1.1 | R39: Y | S39: =IF(R39="Y",H39,0)
A40: TOTAL | E40: =SUM(E2,E8,E14,E19,E26,E30,E33,E36) | F40: =SUM(F2,F8,F14,F19,F26,F30,F33,F36) | G40: =SUM(G2,G8,G14,G19,G26,G30,G33,G36) | H40: =SUM(H2,H8,H14,H19,H26,H30,H33,H36) | I40: =SUM(I2,I8,I14,I19,I26,I30,I33,I36) | J40: =SUM(J2,J8,J14,J19,J26,J30,J33,J36) | K40: =SUM(K2,K8,K14,K19,K26,K30,K33,K36) | L40: =SUM(L2,L8,L14,L19,L26,L30,L33,L36) | M40: =SUM(M2,M8,M14,M19,M26,M30,M33,M36) | S40: =SUM(S2,S8,S14,S19,S26,S30,S33,S36)

Sheet Pianificazione Risorse
A1: Ruolo | B1: Codice | C1: Tipo | D1: W1 | E1: W2 | F1: W3 | G1: W4 | H1: W5 | I1: W6 | J1: W7 | K1: W8 | L1: W9 | M1: W10 | N1: W11 | O1: W12 | P1: W13 | Q1: W14 | R1: W15 | S1: W16 | T1: W17 | U1: W18 | V1: W19 | W1: W20 | X1: W21 | Y1: W22 | Z1: W23 | AA1: W24 | AB1: W25 | AC1: TOTALE (PD)
C2: Settimana del | D2: 2026-07-06 | E2: 2026-07-13 | F2: 2026-07-20 | G2: 2026-07-27 | H2: 2026-08-03 | I2: 2026-08-10 | J2: 2026-08-17 | K2: 2026-08-24 | L2: 2026-08-31 | M2: 2026-09-07 | N2: 2026-09-14 | O2: 2026-09-21 | P2: 2026-09-28 | Q2: 2026-10-05 | R2: 2026-10-12 | S2: 2026-10-19 | T2: 2026-10-26 | U2: 2026-11-02 | V2: 2026-11-09 | W2: 2026-11-16 | X2: 2026-11-23 | Y2: 2026-11-30 | Z2: 2026-12-07 | AA2: 2026-12-14 | AB2: 2026-12-21
A3: Business Analyst | B3: BA | C3: billable | D3: 2.58 | E3: 2.58 | F3: 0 | G3: 0 | H3: 0 | I3: 0 | J3: 0 | K3: 0 | L3: 0 | M3: 0 | N3: 0 | O3: 0 | P3: 0 | Q3: 0 | R3: 0 | S3: 0 | T3: 0 | U3: 0 | V3: 0 | W3: 0 | X3: 0 | Y3: 0 | Z3: 0 | AA3: 0 | AB3: 0 | AC3: =SUM(D3:AB3)
A4: Back-end Developer | B4: BE | C4: billable | D4: 0 | E4: 0 | F4: 0 | G4: 0 | H4: 0 | I4: 3.08 | J4: 3.08 | K4: 3.08 | L4: 3.08 | M4: 3.08 | N4: 3.08 | O4: 3.08 | P4: 3.08 | Q4: 3.08 | R4: 3.08 | S4: 0 | T4: 0 | U4: 0 | V4: 3.58 | W4: 3.58 | X4: 3.58 | Y4: 3.58 | Z4: 0 | AA4: 0 | AB4: 0 | AC4: =SUM(D4:AB4)
A5: DevOps Engineer | B5: DEVOPS | C5: billable | D5: 1 | E5: 1 | F5: 0 | G5: 0 | H5: 0 | I5: 0 | J5: 0 | K5: 0 | L5: 0 | M5: 0 | N5: 0 | O5: 0 | P5: 0 | Q5: 0 | R5: 0 | S5: 0 | T5: 0 | U5: 0 | V5: 0 | W5: 0 | X5: 0 | Y5: 1.29 | Z5: 1.29 | AA5: 1.29 | AB5: 1.29 | AC5: =SUM(D5:AB5)
A6: Technical Writer | B6: DOC | C6: billable | D6: 0 | E6: 0 | F6: 0 | G6: 0 | H6: 0 | I6: 0 | J6: 0 | K6: 0 | L6: 0 | M6: 0 | N6: 0 | O6: 0 | P6: 0 | Q6: 0 | R6: 0 | S6: 0 | T6: 0 | U6: 0 | V6: 0 | W6: 0 | X6: 0 | Y6: 1.75 | Z6: 1.75 | AA6: 1.75 | AB6: 1.75 | AC6: =SUM(D6:AB6)
A7: Front-end Developer | B7: FE | C7: billable | D7: 0 | E7: 0 | F7: 0 | G7: 0 | H7: 0 | I7: 2.83 | J7: 2.83 | K7: 2.83 | L7: 2.83 | M7: 2.83 | N7: 2.83 | O7: 2.83 | P7: 2.83 | Q7: 2.83 | R7: 2.83 | S7: 0 | T7: 0 | U7: 0 | V7: 0 | W7: 0 | X7: 0 | Y7: 0 | Z7: 0 | AA7: 0 | AB7: 0 | AC7: =SUM(D7:AB7)
A8: Integration Specialist | B8: INT | C8: billable | D8: 0 | E8: 0 | F8: 0 | G8: 0 | H8: 0 | I8: 0 | J8: 0 | K8: 3.94 | L8: 3.94 | M8: 3.94 | N8: 3.94 | O8: 3.94 | P8: 3.94 | Q8: 3.94 | R8: 3.94 | S8: 0 | T8: 0 | U8: 0 | V8: 0 | W8: 0 | X8: 0 | Y8: 0 | Z8: 0 | AA8: 0 | AB8: 0 | AC8: =SUM(D8:AB8)
A9: Project Manager | B9: PM | C9: billable | D9: 1.58 | E9: 1.58 | F9: 0 | G9: 0 | H9: 0 | I9: 0 | J9: 0 | K9: 0 | L9: 0 | M9: 0 | N9: 0 | O9: 0 | P9: 0 | Q9: 0 | R9: 0 | S9: 0 | T9: 0 | U9: 0 | V9: 0 | W9: 0 | X9: 0 | Y9: 0 | Z9: 0 | AA9: 0 | AB9: 0 | AC9: =SUM(D9:AB9)
A10: Quality Assurance | B10: QA | C10: billable | D10: 0 | E10: 0 | F10: 0 | G10: 0 | H10: 0 | I10: 0 | J10: 0 | K10: 0 | L10: 0 | M10: 0 | N10: 0 | O10: 0 | P10: 0 | Q10: 0 | R10: 0 | S10: 3.83 | T10: 6.94 | U10: 6.94 | V10: 3.11 | W10: 0 | X10: 0 | Y10: 0 | Z10: 0 | AA10: 0 | AB10: 0 | AC10: =SUM(D10:AB10)
A11: Technical Architect | B11: TA | C11: billable | D11: 0 | E11: 0 | F11: 2.33 | G11: 2.33 | H11: 2.33 | I11: 0 | J11: 0 | K11: 0 | L11: 0 | M11: 0 | N11: 0 | O11: 0 | P11: 0 | Q11: 0 | R11: 0 | S11: 0 | T11: 0 | U11: 0 | V11: 0 | W11: 0 | X11: 0 | Y11: 0 | Z11: 0 | AA11: 0 | AB11: 0 | AC11: =SUM(D11:AB11)
A12: UX Designer | B12: UX | C12: billable | D12: 0 | E12: 0 | F12: 4.44 | G12: 4.44 | H12: 4.44 | I12: 0 | J12: 0 | K12: 0 | L12: 0 | M12: 0 | N12: 0 | O12: 0 | P12: 0 | Q12: 0 | R12: 0 | S12: 0 | T12: 0 | U12: 0 | V12: 0 | W12: 0 | X12: 0 | Y12: 0 | Z12: 0 | AA12: 0 | AB12: 0 | AC12: =SUM(D12:AB12)
A13: TOTALE settimana | D13: =SUM(D3:D12) | E13: =SUM(E3:E12) | F13: =SUM(F3:F12) | G13: =SUM(G3:G12) | H13: =SUM(H3:H12) | I13: =SUM(I3:I12) | J13: =SUM(J3:J12) | K13: =SUM(K3:K12) | ... AB13: =SUM(AB3:AB12) | AC13: =SUM(D13:AB13)
A15: Warning capacity
A16: Overcommit: W17 (QA) (6.9 PD vs 5.0 PD capacity)
A17: Overcommit: W18 (QA) (6.9 PD vs 5.0 PD capacity)

Sheet Rischi
A1: ID | B1: Risk Description | C1: Category | D1: Affected Phases | E1: Probability (1-5) | F1: Impact (1-5) | G1: Risk Score | H1: Priority | I1: Strategy | J1: Mitigation Action | K1: Owner | L1: Contingency (pd) | M1: Contingency Cost
A2: R1 | B2: Environment access delayed by IT bureaucracy | C2: Organizational | D2: F0 | E2: 3 | F2: 3 | G2: =E2*F2 | H2: =IF(G2>=15,"CRITICAL",IF(G2>=10,"HIGH",IF(G2>=5,"MEDIUM","LOW"))) | I2: Mitigate | J2: Submit access requests in week -2 and track weekly | K2: PM | L2: 2 | M2: =L2*500
A3: R2 | B3: Requirements not frozen by stakeholders in time | C3: Organizational | D3: F0, F1 | E3: 3 | F3: 4 | G3: =E3*F3 | H3: =IF(G3>=15,"CRITICAL",IF(G3>=10,"HIGH",IF(G3>=5,"MEDIUM","LOW"))) | I3: Mitigate | J3: Use a written sign-off gate before F1 starts | K3: PM | L3: 4 | M3: =L3*500
A4: R3 | B4: Accessibility findings force UX rework | C4: Technical | D4: F1, F2 | E4: 3 | F4: 3 | G4: =E4*F4 | H4: =IF(G4>=15,"CRITICAL",IF(G4>=10,"HIGH",IF(G4>=5,"MEDIUM","LOW"))) | I4: Mitigate | J4: Run accessibility review in F1 instead of waiting for audit | K4: UX | L4: 5 | M4: =L4*500
A5: R4 | B5: API contract instability with internal data owners | C5: Technical | D5: F1, F2 | E5: 4 | F5: 3 | G5: =E5*F5 | H5: =IF(G5>=15,"CRITICAL",IF(G5>=10,"HIGH",IF(G5>=5,"MEDIUM","LOW"))) | I5: Mitigate | J5: Lock API contracts at end of F1 with both data owners | K5: TA | L5: 6 | M5: =L5*500
A6: R5 | B6: Business logic complexity underestimated | C6: Technical | D6: F2 | E6: 3 | F6: 4 | G6: =E6*F6 | H6: =IF(G6>=15,"CRITICAL",IF(G6>=10,"HIGH",IF(G6>=5,"MEDIUM","LOW"))) | I6: Accept | J6: Buffer included in pessimistic estimates of F2.1 | K6: BE | L6: 5 | M6: =L6*500
A7: R6 | B7: Integration vendor SLAs differ — one slow to deliver | C7: External | D7: F3 | E7: 4 | F7: 4 | G7: =E7*F7 | H7: =IF(G7>=15,"CRITICAL",IF(G7>=10,"HIGH",IF(G7>=5,"MEDIUM","LOW"))) | I7: Mitigate | J7: Stub the slow integration in F2 and integrate late | K7: INT | L7: 8 | M7: =L7*500
A8: R7 | B8: Payments integration security review extra round | C8: Technical | D8: F3, F4 | E8: 3 | F8: 4 | G8: =E8*F8 | H8: =IF(G8>=15,"CRITICAL",IF(G8>=10,"HIGH",IF(G8>=5,"MEDIUM","LOW"))) | I8: Mitigate | J8: Pre-review of payments flow in F1 with security team | K8: INT | L8: 4 | M8: =L8*500
A9: R8 | B9: Security audit findings require code rework | C9: Technical | D9: F4, F5 | E9: 3 | F9: 4 | G9: =E9*F9 | H9: =IF(G9>=15,"CRITICAL",IF(G9>=10,"HIGH",IF(G9>=5,"MEDIUM","LOW"))) | I9: Mitigate | J9: Apply security checklist throughout F2 to reduce findings | K9: TA | L9: 5 | M9: =L9*500
A10: R9 | B10: Accessibility audit finds gaps requiring UI rework | C10: Technical | D10: F4, F5 | E10: 3 | F10: 3 | G10: =E10*F10 | H10: =IF(G10>=15,"CRITICAL",IF(G10>=10,"HIGH",IF(G10>=5,"MEDIUM","LOW"))) | I10: Mitigate | J10: Continuous accessibility checks during F2 front-end work | K10: UX | L10: 4 | M10: =L10*500
A11: R10 | B11: UAT defect rate exceeds expectations | C11: External | D11: F6 | E11: 3 | F11: 4 | G11: =E11*F11 | H11: =IF(G11>=15,"CRITICAL",IF(G11>=10,"HIGH",IF(G11>=5,"MEDIUM","LOW"))) | I11: Mitigate | J11: Pre-UAT walkthrough with the client before window opens | K11: PM | L11: 6 | M11: =L11*500
A12: R11 | B12: Production deploy fails the release window | C12: External | D12: F7 | E12: 2 | F12: 5 | G12: =E12*F12 | H12: =IF(G12>=15,"CRITICAL",IF(G12>=10,"HIGH",IF(G12>=5,"MEDIUM","LOW"))) | I12: Mitigate | J12: Run a full dry-run deployment in pre-prod 1 week earlier | K12: DEVOPS | L12: 3 | M12: =L12*500
A14: TOTAL | L14: =SUM(L2:L12) | M14: =SUM(M2:M12)
A15: Management Reserve | L15: =(WBS!H40*(1+0.1+0.05)+L14)*0.2 | M15: =(WBS!H40*(1+0.1+0.05)+L14)*0.2*500

Sheet Riepilogo
A1: Phase | B1: Description | C1: Best Effort (pd) | D1: Likely Effort (pd) | E1: Worst Effort (pd) | F1: PERT Effort (pd) | G1: Best Duration (d) | H1: Likely Duration (d) | I1: Worst Duration (d) | J1: PERT Duration (d) | K1: σ Duration
A2: =WBS!B2 | B2: Project kickoff, environment validation, requirements freeze | C2: =WBS!E2 | D2: =WBS!F2 | E2: =WBS!G2 | F2: =WBS!H2 | G2: =WBS!I2 | H2: =WBS!J2 | I2: =WBS!K2 | J2: =WBS!L2 | K2: =WBS!M2
A3: =WBS!B8 | B3: User journeys, wireframes, accessibility-first design | C3: =WBS!E8 | D3: =WBS!F8 | E3: =WBS!G8 | F3: =WBS!H8 | G3: =WBS!I8 | H3: =WBS!J8 | I3: =WBS!K8 | J3: =WBS!L8 | K3: =WBS!M8
A4: =WBS!B14 | B4: Front-end and back-end implementation of the portal | C4: =WBS!E14 | D4: =WBS!F14 | E4: =WBS!G14 | F4: =WBS!H14 | G4: =WBS!I14 | H4: =WBS!J14 | I4: =WBS!K14 | J4: =WBS!L14 | K4: =WBS!M14
A5: =WBS!B19 | B5: Three integrations with internal authoritative sources, parallel with F2 | C5: =WBS!E19 | D5: =WBS!F19 | E5: =WBS!G19 | F5: =WBS!H19 | G5: =WBS!I19 | H5: =WBS!J19 | I5: =WBS!K19 | J5: =WBS!L19 | K5: =WBS!M19
A6: =WBS!B26 | B6: Independent audit gate before UAT | C6: =WBS!E26 | D6: =WBS!F26 | E6: =WBS!G26 | F6: =WBS!H26 | G6: =WBS!I26 | H6: =WBS!J26 | I6: =WBS!K26 | J6: =WBS!L26 | K6: =WBS!M26
A7: =WBS!B30 | B7: Internal QA pass before client UAT | C7: =WBS!E30 | D7: =WBS!F30 | E7: =WBS!G30 | F7: =WBS!H30 | G7: =WBS!I30 | H7: =WBS!J30 | I7: =WBS!K30 | J7: =WBS!L30 | K7: =WBS!M30
A8: =WBS!B33 | B8: Client-side User Acceptance Testing window | C8: =WBS!E33 | D8: =WBS!F33 | E8: =WBS!G33 | F8: =WBS!H33 | G8: =WBS!I33 | H8: =WBS!J33 | I8: =WBS!K33 | J8: =WBS!L33 | K8: =WBS!M33
A9: =WBS!B36 | B9: Production rollout and 2-week hypercare window | C9: =WBS!E36 | D9: =WBS!F36 | E9: =WBS!G36 | F9: =WBS!H36 | G9: =WBS!I36 | H9: =WBS!J36 | I9: =WBS!K36 | J9: =WBS!L36 | K9: =WBS!M36
A10: TOTAL | C10: =SUM(C2:C9) | D10: =SUM(D2:D9) | E10: =SUM(E2:E9) | F10: =SUM(F2:F9) | G10: =SUM(G2:G9) | H10: =SUM(H2:H9) | I10: =SUM(I2:I9) | J10: =SUM(J2:J9) | K10: =SUM(K2:K9)
A12: Tech PERT Effort (PD) | B12: =F10
A13: PM Overhead (+10%) (PD) | B13: =B12*0.1
A14: DevOps Overhead (+5%) (PD) | B14: =B12*0.05
A15: Subtotale Tech + Overhead (PD) | B15: =B12+B13+B14
A16: Contingency per-rischio (PD) | B16: =Rischi!L14
A17: Fascia BASSA | B17: =B15+B16
A18: Management Reserve (20%) (PD) | B18: =B17*0.2
A19: Fascia MEDIA (raccomandata) | B19: =B17+B18
A20: Fascia ALTA | B20: =B19*(1+0.12)
A21: Effort Billable Totale (PD) | B21: =WBS!S40
A22: Quota Billable | B22: =B21/B12
A24: Durata Calendario (settimane) | B24: 25
A26: Effort per Team (PD)
A27: Build | B27: 105
A28: Delivery | B28: 22.333333
A29: Design | B29: 13.333333
A30: Operations | B30: 7.1666667
A31: Quality | B31: 20.833333
A33: Scenari di Sensitivity
A34: Optimistic: ~85% of Fascia MEDIA if integration vendors deliver on schedule and audit finds no major issues
A35: Realistic: Fascia MEDIA — current best estimate including overhead and MR
A36: Pessimistic: ~120% of Fascia MEDIA if integration vendor delays compound and require UAT rework
