Workbook

Sheet WBS
A1: ID | B1: Phase | C1: Work Package | D1: Activity | E1: Best Effort (pd) | F1: Likely Effort (pd) | G1: Worst Effort (pd) | H1: PERT Effort (pd) | I1: Best Duration (d) | J1: Likely Duration (d) | K1: Worst Duration (d) | L1: PERT Duration (d) | M1: σ Duration | N1: Resources | O1: Dependencies | P1: Risks | Q1: Notes | R1: Billable | S1: Billable PERT Effort
A2: 1 | B2: Discovery | E2: =SUM(E4,E5,E7,E8) | F2: =SUM(F4,F5,F7,F8) | G2: =SUM(G4,G5,G7,G8) | H2: =(E2+4*F2+G2)/6 | I2: =SUM(I4,I5,I7,I8) | J2: =SUM(J4,J5,J7,J8) | K2: =SUM(K4,K5,K7,K8) | L2: =(I2+4*J2+K2)/6 | M2: =(K2-I2)/6 | S2: =SUM(S4,S5,S7,S8)
A3: 1.1 | C3: Project Kickoff | E3: =SUM(E4:E5) | F3: =SUM(F4:F5) | G3: =SUM(G4:G5) | H3: =(E3+4*F3+G3)/6 | I3: =SUM(I4:I5) | J3: =SUM(J4:J5) | K3: =SUM(K4:K5) | L3: =(I3+4*J3+K3)/6 | M3: =(K3-I3)/6 | S3: =SUM(S4:S5)
A4: 1.1.1 | D4: Stakeholder workshop | E4: 2 | F4: 3 | G4: 5 | H4: =(E4+4*F4+G4)/6 | I4: 2 | J4: 3 | K4: 5 | L4: =(I4+4*J4+K4)/6 | M4: =(K4-I4)/6 | N4: PO | P4: R5 | Q4: Kick-off with key stakeholders | R4: Y | S4: =IF(R4="Y",H4,0)
A5: 1.1.2 | D5: Requirements elicitation | E5: 4 | F5: 6 | G5: 10 | H5: =(E5+4*F5+G5)/6 | I5: 3 | J5: 5 | K5: 8 | L5: =(I5+4*J5+K5)/6 | M5: =(K5-I5)/6 | N5: PO, BED | O5: 1.1.1 | P5: R5 | Q5: User stories and acceptance criteria | R5: Y | S5: =IF(R5="Y",H5,0)
A6: 1.2 | C6: Technical Feasibility | E6: =SUM(E7:E8) | F6: =SUM(F7:F8) | G6: =SUM(G7:G8) | H6: =(E6+4*F6+G6)/6 | I6: =SUM(I7:I8) | J6: =SUM(J7:J8) | K6: =SUM(K7:K8) | L6: =(I6+4*J6+K6)/6 | M6: =(K6-I6)/6 | S6: =SUM(S7:S8)
A7: 1.2.1 | D7: Technology stack selection | E7: 1 | F7: 2 | G7: 3 | H7: =(E7+4*F7+G7)/6 | I7: 1 | J7: 2 | K7: 3 | L7: =(I7+4*J7+K7)/6 | M7: =(K7-I7)/6 | N7: MOB, BED | O7: 1.1.2 | Q7: React Native vs Flutter evaluation | R7: Y | S7: =IF(R7="Y",H7,0)
A8: 1.2.2 | D8: Architecture draft | E8: 2 | F8: 3 | G8: 5 | H8: =(E8+4*F8+G8)/6 | I8: 2 | J8: 3 | K8: 5 | L8: =(I8+4*J8+K8)/6 | M8: =(K8-I8)/6 | N8: BED | O8: 1.2.1 | P8: R2 | Q8: High-level system architecture | R8: Y | S8: =IF(R8="Y",H8,0)
A9: 2 | B9: UX Design | E9: =SUM(E11,E12,E14,E15,E16) | F9: =SUM(F11,F12,F14,F15,F16) | G9: =SUM(G11,G12,G14,G15,G16) | H9: =(E9+4*F9+G9)/6 | I9: =SUM(I11,I12,I14,I15,I16) | J9: =SUM(J11,J12,J14,J15,J16) | K9: =SUM(K11,K12,K14,K15,K16) | L9: =(I9+4*J9+K9)/6 | M9: =(K9-I9)/6 | S9: =SUM(S11,S12,S14,S15,S16)
A10: 2.1 | C10: Wireframing | E10: =SUM(E11:E12) | F10: =SUM(F11:F12) | G10: =SUM(G11:G12) | H10: =(E10+4*F10+G10)/6 | I10: =SUM(I11:I12) | J10: =SUM(J11:J12) | K10: =SUM(K11:K12) | L10: =(I10+4*J10+K10)/6 | M10: =(K10-I10)/6 | S10: =SUM(S11:S12)
A11: 2.1.1 | D11: User flow mapping | E11: 2 | F11: 3 | G11: 5 | H11: =(E11+4*F11+G11)/6 | I11: 2 | J11: 3 | K11: 5 | L11: =(I11+4*J11+K11)/6 | M11: =(K11-I11)/6 | N11: PO | O11: 1.1.2 | P11: R5 | Q11: Journey maps for field technicians | R11: Y | S11: =IF(R11="Y",H11,0)
A12: 2.1.2 | D12: Low-fidelity wireframes | E12: 4 | F12: 6 | G12: 9 | H12: =(E12+4*F12+G12)/6 | I12: 3 | J12: 4 | K12: 6 | L12: =(I12+4*J12+K12)/6 | M12: =(K12-I12)/6 | N12: MOB, PO | O12: 2.1.1 | Q12: Sketch-level wireframes for all screens | R12: Y | S12: =IF(R12="Y",H12,0)
A13: 2.2 | C13: Prototyping | E13: =SUM(E14:E16) | F13: =SUM(F14:F16) | G13: =SUM(G14:G16) | H13: =(E13+4*F13+G13)/6 | I13: =SUM(I14:I16) | J13: =SUM(J14:J16) | K13: =SUM(K14:K16) | L13: =(I13+4*J13+K13)/6 | M13: =(K13-I13)/6 | S13: =SUM(S14:S16)
A14: 2.2.1 | D14: Interactive prototype | E14: 3 | F14: 5 | G14: 8 | H14: =(E14+4*F14+G14)/6 | I14: 3 | J14: 5 | K14: 8 | L14: =(I14+4*J14+K14)/6 | M14: =(K14-I14)/6 | N14: MOB | O14: 2.1.2 | Q14: Clickable prototype in Figma | R14: Y | S14: =IF(R14="Y",H14,0)
A15: 2.2.2 | D15: Usability review | E15: 2 | F15: 3 | G15: 5 | H15: =(E15+4*F15+G15)/6 | I15: 1 | J15: 2 | K15: 4 | L15: =(I15+4*J15+K15)/6 | M15: =(K15-I15)/6 | N15: PO, QA | O15: 2.2.1 | Q15: Internal review of prototype flows | R15: Y | S15: =IF(R15="Y",H15,0)
A16: 2.2.3 | D16: Design iteration | E16: 2 | F16: 3 | G16: 5 | H16: =(E16+4*F16+G16)/6 | I16: 2 | J16: 3 | K16: 5 | L16: =(I16+4*J16+K16)/6 | M16: =(K16-I16)/6 | N16: MOB | O16: 2.2.2 | Q16: Apply feedback from usability review | R16: Y | S16: =IF(R16="Y",H16,0)
A17: 3 | B17: Backend Development | E17: =SUM(E19,E20,E21,E23,E24,E25) | F17: =SUM(F19,F20,F21,F23,F24,F25) | G17: =SUM(G19,G20,G21,G23,G24,G25) | H17: =(E17+4*F17+G17)/6 | I17: =SUM(I19,I20,I21,I23,I24,I25) | J17: =SUM(J19,J20,J21,J23,J24,J25) | K17: =SUM(K19,K20,K21,K23,K24,K25) | L17: =(I17+4*J17+K17)/6 | M17: =(K17-I17)/6 | S17: =SUM(S19,S20,S21,S23,S24,S25)
A18: 3.1 | C18: Core API | E18: =SUM(E19:E21) | F18: =SUM(F19:F21) | G18: =SUM(G19:G21) | H18: =(E18+4*F18+G18)/6 | I18: =SUM(I19:I21) | J18: =SUM(J19:J21) | K18: =SUM(K19:K21) | L18: =(I18+4*J18+K18)/6 | M18: =(K18-I18)/6 | S18: =SUM(S19:S21)
A19: 3.1.1 | D19: Auth and user management API | E19: 3 | F19: 5 | G19: 8 | H19: =(E19+4*F19+G19)/6 | I19: 3 | J19: 5 | K19: 8 | L19: =(I19+4*J19+K19)/6 | M19: =(K19-I19)/6 | N19: BED | O19: 1.2.2 | Q19: JWT-based auth, role management | R19: Y | S19: =IF(R19="Y",H19,0)
A20: 3.1.2 | D20: Work order CRUD API | E20: 4 | F20: 6 | G20: 10 | H20: =(E20+4*F20+G20)/6 | I20: 4 | J20: 6 | K20: 10 | L20: =(I20+4*J20+K20)/6 | M20: =(K20-I20)/6 | N20: BED | O20: 3.1.1 | P20: R2 | Q20: Full CRUD with offline conflict resolution | R20: Y | S20: =IF(R20="Y",H20,0)
A21: 3.1.3 | D21: File upload API | E21: 2 | F21: 3 | G21: 5 | H21: =(E21+4*F21+G21)/6 | I21: 2 | J21: 3 | K21: 5 | L21: =(I21+4*J21+K21)/6 | M21: =(K21-I21)/6 | N21: BED | O21: 3.1.1 | Q21: Photo and document upload endpoint | R21: Y | S21: =IF(R21="Y",H21,0)
A22: 3.2 | C22: Infrastructure | E22: =SUM(E23:E25) | F22: =SUM(F23:F25) | G22: =SUM(G23:G25) | H22: =(E22+4*F22+G22)/6 | I22: =SUM(I23:I25) | J22: =SUM(J23:J25) | K22: =SUM(K23:K25) | L22: =(I22+4*J22+K22)/6 | M22: =(K22-I22)/6 | S22: =SUM(S23:S25)
A23: 3.2.1 | D23: Cloud environment setup | E23: 2 | F23: 3 | G23: 4 | H23: =(E23+4*F23+G23)/6 | I23: 2 | J23: 3 | K23: 4 | L23: =(I23+4*J23+K23)/6 | M23: =(K23-I23)/6 | N23: BED | O23: 1.2.2 | Q23: AWS/GCP provisioning, CI/CD pipelines | R23: Y | S23: =IF(R23="Y",H23,0)
A24: 3.2.2 | D24: Push notification service | E24: 2 | F24: 3 | G24: 5 | H24: =(E24+4*F24+G24)/6 | I24: 2 | J24: 3 | K24: 5 | L24: =(I24+4*J24+K24)/6 | M24: =(K24-I24)/6 | N24: BED, MOB | O24: 3.2.1 | P24: R4 | Q24: FCM/APNs integration | R24: Y | S24: =IF(R24="Y",H24,0)
A25: 3.2.3 | D25: Backend integration tests | E25: 3 | F25: 4 | G25: 7 | H25: =(E25+4*F25+G25)/6 | I25: 3 | J25: 4 | K25: 7 | L25: =(I25+4*J25+K25)/6 | M25: =(K25-I25)/6 | N25: QA, BED | O25: 3.1.2, 3.1.3 | Q25: API contract testing and regression suite | R25: Y | S25: =IF(R25="Y",H25,0)
A26: 4 | B26: Mobile Development | E26: =SUM(E28,E29,E30,E32,E33) | F26: =SUM(F28,F29,F30,F32,F33) | G26: =SUM(G28,G29,G30,G32,G33) | H26: =(E26+4*F26+G26)/6 | I26: =SUM(I28,I29,I30,I32,I33) | J26: =SUM(J28,J29,J30,J32,J33) | K26: =SUM(K28,K29,K30,K32,K33) | L26: =(I26+4*J26+K26)/6 | M26: =(K26-I26)/6 | S26: =SUM(S28,S29,S30,S32,S33)
A27: 4.1 | C27: Core Features | E27: =SUM(E28:E30) | F27: =SUM(F28:F30) | G27: =SUM(G28:G30) | H27: =(E27+4*F27+G27)/6 | I27: =SUM(I28:I30) | J27: =SUM(J28:J30) | K27: =SUM(K28:K30) | L27: =(I27+4*J27+K27)/6 | M27: =(K27-I27)/6 | S27: =SUM(S28:S30)
A28: 4.1.1 | D28: Offline data sync module | E28: 4 | F28: 6 | G28: 10 | H28: =(E28+4*F28+G28)/6 | I28: 4 | J28: 6 | K28: 10 | L28: =(I28+4*J28+K28)/6 | M28: =(K28-I28)/6 | N28: MOB | O28: 3.1.2 | P28: R2 | Q28: SQLite local store, sync queue | R28: Y | S28: =IF(R28="Y",H28,0)
A29: 4.1.2 | D29: Work order UI | E29: 5 | F29: 7 | G29: 12 | H29: =(E29+4*F29+G29)/6 | I29: 5 | J29: 7 | K29: 12 | L29: =(I29+4*J29+K29)/6 | M29: =(K29-I29)/6 | N29: MOB | O29: 2.2.3, 3.1.2 | P29: R6 | Q29: Create, view, update work orders on device | R29: Y | S29: =IF(R29="Y",H29,0)
A30: 4.1.3 | D30: Photo and signature capture | E30: 3 | F30: 4 | G30: 7 | H30: =(E30+4*F30+G30)/6 | I30: 3 | J30: 4 | K30: 7 | L30: =(I30+4*J30+K30)/6 | M30: =(K30-I30)/6 | N30: MOB | O30: 4.1.2 | P30: R6 | Q30: Camera integration, signature pad | R30: Y | S30: =IF(R30="Y",H30,0)
A31: 4.2 | C31: Integration and Testing | E31: =SUM(E32:E33) | F31: =SUM(F32:F33) | G31: =SUM(G32:G33) | H31: =(E31+4*F31+G31)/6 | I31: =SUM(I32:I33) | J31: =SUM(J32:J33) | K31: =SUM(K32:K33) | L31: =(I31+4*J31+K31)/6 | M31: =(K31-I31)/6 | S31: =SUM(S32:S33)
A32: 4.2.1 | D32: Backend integration | E32: 3 | F32: 5 | G32: 8 | H32: =(E32+4*F32+G32)/6 | I32: 3 | J32: 5 | K32: 8 | L32: =(I32+4*J32+K32)/6 | M32: =(K32-I32)/6 | N32: MOB, BED | O32: 4.1.1, 3.2.2 | P32: R2 | Q32: End-to-end API wiring with mobile app | R32: Y | S32: =IF(R32="Y",H32,0)
A33: 4.2.2 | D33: Mobile E2E testing | E33: 4 | F33: 5 | G33: 8 | H33: =(E33+4*F33+G33)/6 | I33: 4 | J33: 5 | K33: 8 | L33: =(I33+4*J33+K33)/6 | M33: =(K33-I33)/6 | N33: QA | O33: 4.1.3, 4.2.1 | P33: R6 | Q33: Device farm, iOS + Android regression | R33: Y | S33: =IF(R33="Y",H33,0)
A34: 5 | B34: Launch | E34: =SUM(E36,E37,E38) | F34: =SUM(F36,F37,F38) | G34: =SUM(G36,G37,G38) | H34: =(E34+4*F34+G34)/6 | I34: =SUM(I36,I37,I38) | J34: =SUM(J36,J37,J38) | K34: =SUM(K36,K37,K38) | L34: =(I34+4*J34+K34)/6 | M34: =(K34-I34)/6 | S34: =SUM(S36,S37,S38)
A35: 5.1 | C35: Release | E35: =SUM(E36:E38) | F35: =SUM(F36:F38) | G35: =SUM(G36:G38) | H35: =(E35+4*F35+G35)/6 | I35: =SUM(I36:I38) | J35: =SUM(J36:J38) | K35: =SUM(K36:K38) | L35: =(I35+4*J35+K35)/6 | M35: =(K35-I35)/6 | S35: =SUM(S36:S38)
A36: 5.1.1 | D36: App store submission | E36: 2 | F36: 3 | G36: 5 | H36: =(E36+4*F36+G36)/6 | I36: 2 | J36: 3 | K36: 5 | L36: =(I36+4*J36+K36)/6 | M36: =(K36-I36)/6 | N36: MOB, PO | O36: 4.2.2 | P36: R1 | Q36: iOS App Store + Google Play submission | R36: Y | S36: =IF(R36="Y",H36,0)
A37: 5.1.2 | D37: UAT with pilot users | E37: 3 | F37: 4 | G37: 6 | H37: =(E37+4*F37+G37)/6 | I37: 3 | J37: 4 | K37: 6 | L37: =(I37+4*J37+K37)/6 | M37: =(K37-I37)/6 | N37: QA, PO | O37: 5.1.1 | P37: R5 | Q37: Pilot group of 10 field technicians | R37: Y | S37: =IF(R37="Y",H37,0)
A38: 5.1.3 | D38: Go-live and monitoring | E38: 2 | F38: 3 | G38: 5 | H38: =(E38+4*F38+G38)/6 | I38: 2 | J38: 3 | K38: 5 | L38: =(I38+4*J38+K38)/6 | M38: =(K38-I38)/6 | N38: BED, MOB | O38: 5.1.2 | Q38: Production deployment, alerting dashboards | R38: Y | S38: =IF(R38="Y",H38,0)
A39: TOTAL | E39: =SUM(E2,E9,E17,E26,E34) | F39: =SUM(F2,F9,F17,F26,F34) | G39: =SUM(G2,G9,G17,G26,G34) | H39: =SUM(H2,H9,H17,H26,H34) | I39: =SUM(I2,I9,I17,I26,I34) | J39: =SUM(J2,J9,J17,J26,J34) | K39: =SUM(K2,K9,K17,K26,K34) | L39: =SUM(L2,L9,L17,L26,L34) | M39: =SUM(M2,M9,M17,M26,M34) | S39: =SUM(S2,S9,S17,S26,S34)

Sheet Resource Plan
A1: Role | B1: Code | C1: Type | D1: W1 | E1: W2 | F1: W3 | G1: W4 | H1: W5 | I1: W6 | J1: W7 | K1: W8 | L1: W9 | M1: W10 | N1: W11 | O1: W12 | P1: W13 | Q1: W14 | R1: W15 | S1: W16 | T1: TOTAL (PD)
C2: Week of | D2: 2026-07-01 | E2: 2026-07-08 | F2: 2026-07-15 | G2: 2026-07-22 | H2: 2026-07-29 | I2: 2026-08-05 | J2: 2026-08-12 | K2: 2026-08-19 | L2: 2026-08-26 | M2: 2026-09-02 | N2: 2026-09-09 | O2: 2026-09-16 | P2: 2026-09-23 | Q2: 2026-09-30 | R2: 2026-10-07 | S2: 2026-10-14
A3: Backend Dev | B3: BED | C3: billable | D3: 1.58 | E3: 1.58 | F3: 0 | G3: 0 | H3: 0 | I3: 5.21 | J3: 5.21 | K3: 5.21 | L3: 5.21 | M3: 0 | N3: 0 | O3: 0 | P3: 0 | Q3: 0 | R3: 1.58 | S3: 1.58 | T3: =SUM(D3:S3)
A4: Mobile Dev | B4: MOB | C4: billable | D4: 1 | E4: 1 | F4: 4.83 | G4: 4.83 | H4: 4.83 | I4: 0 | J4: 0 | K4: 0 | L4: 0 | M4: 4.67 | N4: 4.67 | O4: 4.67 | P4: 4.67 | Q4: 4.67 | R4: 1.58 | S4: 1.58 | T4: =SUM(D4:S4)
A5: Product Owner | B5: PO | C5: billable | D5: 4.75 | E5: 4.75 | F5: 2.11 | G5: 2.11 | H5: 2.11 | I5: 0 | J5: 0 | K5: 0 | L5: 0 | M5: 0 | N5: 0 | O5: 0 | P5: 0 | Q5: 0 | R5: 0 | S5: 0 | T5: =SUM(D5:S5)
A6: QA Engineer | B6: QA | C6: billable | D6: 0 | E6: 0 | F6: 0 | G6: 0 | H6: 0 | I6: 1.08 | J6: 1.08 | K6: 1.08 | L6: 1.08 | M6: 1.07 | N6: 1.07 | O6: 1.07 | P6: 1.07 | Q6: 1.07 | R6: 2.08 | S6: 2.08 | T6: =SUM(D6:S6)
A7: Weekly TOTAL | D7: =SUM(D3:D6) | E7: =SUM(E3:E6) | F7: =SUM(F3:F6) | G7: =SUM(G3:G6) | H7: =SUM(H3:H6) | I7: =SUM(I3:I6) | J7: =SUM(J3:J6) | K7: =SUM(K3:K6) | ... S7: =SUM(S3:S6) | T7: =SUM(D7:S7)
A9: Capacity Warnings
A10: Overcommit: W6 (BED) (5.2 PD vs 5.0 PD capacity)
A11: Overcommit: W7 (BED) (5.2 PD vs 5.0 PD capacity)
A12: Overcommit: W8 (BED) (5.2 PD vs 5.0 PD capacity)
A13: Overcommit: W9 (BED) (5.2 PD vs 5.0 PD capacity)

Sheet Risks
A1: ID | B1: Risk Description | C1: Category | D1: Affected Phases | E1: Probability (1-5) | F1: Impact (1-5) | G1: Risk Score | H1: Priority | I1: Strategy | J1: Mitigation Action | K1: Owner | L1: Contingency (pd) | M1: Contingency Cost
A2: R1 | B2: App store approval delays | C2: External | D2: 5 | E2: 3 | F2: 3 | G2: =E2*F2 | H2: =IF(G2>=15,"CRITICAL",IF(G2>=10,"HIGH",IF(G2>=5,"MEDIUM","LOW"))) | I2: Mitigate | J2: Submit early, prepare review guidelines, use TestFlight/internal track first | K2: MOB | L2: 3 | M2: =L2*550
A3: R2 | B3: Offline sync complexity underestimated | C3: Technical | D3: 3, 4 | E3: 4 | F3: 5 | G3: =E3*F3 | H3: =IF(G3>=15,"CRITICAL",IF(G3>=10,"HIGH",IF(G3>=5,"MEDIUM","LOW"))) | I3: Mitigate | J3: Proof-of-concept spike in Discovery; adopt proven sync library | K3: BED | L3: 8 | M3: =L3*550
A4: R3 | B4: Key mobile developer unavailability | C4: Organizational | D4: 4 | E4: 2 | F4: 5 | G4: =E4*F4 | H4: =IF(G4>=15,"CRITICAL",IF(G4>=10,"HIGH",IF(G4>=5,"MEDIUM","LOW"))) | I4: Mitigate | J4: Cross-train backend developer on mobile framework | K4: PO | L4: 10 | M4: =L4*550
A5: R4 | B5: Third-party push notification service outage | C5: External | D5: 3 | E5: 2 | F5: 3 | G5: =E5*F5 | H5: =IF(G5>=15,"CRITICAL",IF(G5>=10,"HIGH",IF(G5>=5,"MEDIUM","LOW"))) | I5: Accept | J5: Monitor SLA; have fallback polling mechanism ready | K5: BED | L5: 2 | M5: =L5*550
A6: R5 | B6: Scope creep from stakeholder change requests | C6: Organizational | D6: 1, 2, 5 | E6: 4 | F6: 4 | G6: =E6*F6 | H6: =IF(G6>=15,"CRITICAL",IF(G6>=10,"HIGH",IF(G6>=5,"MEDIUM","LOW"))) | I6: Mitigate | J6: Formal change control process; freeze scope after Phase 2 | K6: PO | L6: 6 | M6: =L6*550
A7: R6 | B7: iOS/Android compatibility fragmentation issues | C7: Technical | D7: 4 | E7: 3 | F7: 3 | G7: =E7*F7 | H7: =IF(G7>=15,"CRITICAL",IF(G7>=10,"HIGH",IF(G7>=5,"MEDIUM","LOW"))) | I7: Mitigate | J7: Test on device farm from Phase 4 start; target OS versions ≥ iOS 15 / Android 11 | K7: MOB | L7: 4 | M7: =L7*550
A9: TOTAL | L9: =SUM(L2:L7) | M9: =SUM(M2:M7)
A10: Management Reserve | L10: =(WBS!H39*(1+0.1+0.05)+L9)*0.1 | M10: =(WBS!H39*(1+0.1+0.05)+L9)*0.1*550

Sheet Summary
A1: Phase | B1: Description | C1: Best Effort (pd) | D1: Likely Effort (pd) | E1: Worst Effort (pd) | F1: PERT Effort (pd) | G1: Best Duration (d) | H1: Likely Duration (d) | I1: Worst Duration (d) | J1: PERT Duration (d) | K1: σ Duration
A2: =WBS!B2 | B2: Stakeholder alignment, requirements elicitation and technical feasibility | C2: =WBS!E2 | D2: =WBS!F2 | E2: =WBS!G2 | F2: =WBS!H2 | G2: =WBS!I2 | H2: =WBS!J2 | I2: =WBS!K2 | J2: =WBS!L2 | K2: =WBS!M2
A3: =WBS!B9 | B3: User experience design, wireframing and interactive prototype | C3: =WBS!E9 | D3: =WBS!F9 | E3: =WBS!G9 | F3: =WBS!H9 | G3: =WBS!I9 | H3: =WBS!J9 | I3: =WBS!K9 | J3: =WBS!L9 | K3: =WBS!M9
A4: =WBS!B17 | B4: REST API implementation, infrastructure setup and backend testing | C4: =WBS!E17 | D4: =WBS!F17 | E4: =WBS!G17 | F4: =WBS!H17 | G4: =WBS!I17 | H4: =WBS!J17 | I4: =WBS!K17 | J4: =WBS!L17 | K4: =WBS!M17
A5: =WBS!B26 | B5: Native/cross-platform mobile app implementation and E2E testing | C5: =WBS!E26 | D5: =WBS!F26 | E5: =WBS!G26 | F5: =WBS!H26 | G5: =WBS!I26 | H5: =WBS!J26 | I5: =WBS!K26 | J5: =WBS!L26 | K5: =WBS!M26
A6: =WBS!B34 | B6: App store submission, UAT with pilot users and go-live | C6: =WBS!E34 | D6: =WBS!F34 | E6: =WBS!G34 | F6: =WBS!H34 | G6: =WBS!I34 | H6: =WBS!J34 | I6: =WBS!K34 | J6: =WBS!L34 | K6: =WBS!M34
A7: TOTAL | C7: =SUM(C2:C6) | D7: =SUM(D2:D6) | E7: =SUM(E2:E6) | F7: =SUM(F2:F6) | G7: =SUM(G2:G6) | H7: =SUM(H2:H6) | I7: =SUM(I2:I6) | J7: =SUM(J2:J6) | K7: =SUM(K2:K6)
A9: Tech PERT Effort (PD) | B9: =F7
A10: PM Overhead (+10%) (PD) | B10: =B9*0.1
A11: DevOps Overhead (+5%) (PD) | B11: =B9*0.05
A12: Subtotal Tech + Overhead (PD) | B12: =B9+B10+B11
A13: Contingency per-risk (PD) | B13: =Risks!L9
A14: Low Band | B14: =B12+B13
A15: Management Reserve (10%) (PD) | B15: =B14*0.1
A16: Medium Band (recommended) | B16: =B14+B15
A17: High Band | B17: =B16*(1+0.12)
A18: Total Billable Effort (PD) | B18: =WBS!S39
A19: Billable Ratio | B19: =B18/B9
A21: Calendar Duration (weeks) | B21: 16
A23: Effort by Team (PD)
A24: Engineering | B24: 84
A25: Product | B25: 15.833333
A27: Sensitivity Scenarios
A28: Optimistic: ~85% of Fascia MEDIA — best-case execution for 3-mobile-app
A29: Realistic: Fascia MEDIA — current best estimate including overhead and MR
A30: Pessimistic: ~115% of Fascia MEDIA — material slippage on critical path
